step,size,vocab,accuracy 
2,2,100,6.166667e-01 
2,2,300,6.880000e-01 
2,2,500,6.520000e-01 
2,2,700,6.620000e-01 
